{"cameraMode":{"drawMode":0,"name":"Shaded","section":"Shading Mode"},"sceneLighting":false,"audioPlay":false,"sceneViewState":{"m_AlwaysRefresh":false,"showFog":true,"showSkybox":false,"showFlares":true,"showImageEffects":true,"showParticleSystems":true,"showVisualEffectGraphs":true,"m_FxEnabled":true},"in2DMode":false,"pivot":{"x":0.01199999637901783,"y":-0.054208483546972278,"z":-0.041999995708465579},"rotation":{"x":-0.07919731736183167,"y":0.27531227469444277,"z":-0.0227549709379673,"w":-0.9577508568763733},"size":0.7259536385536194,"orthographic":true}