{"cameraMode":{"drawMode":0,"name":"Shaded","section":"Shading Mode"},"sceneLighting":false,"audioPlay":false,"sceneViewState":{"m_AlwaysRefresh":false,"showFog":true,"showSkybox":false,"showFlares":true,"showImageEffects":true,"showParticleSystems":true,"showVisualEffectGraphs":true,"m_FxEnabled":true},"in2DMode":false,"pivot":{"x":0.47657063603401186,"y":0.5089524388313294,"z":0.5936343669891357},"rotation":{"x":0.07187934219837189,"y":0.9031313061714172,"z":-0.1671794056892395,"w":0.3888535797595978},"size":1.2872940301895142,"orthographic":true}