{"cameraMode":{"drawMode":0,"name":"Shaded","section":"Shading Mode"},"sceneLighting":false,"audioPlay":false,"sceneViewState":{"m_AlwaysRefresh":false,"showFog":true,"showSkybox":false,"showFlares":true,"showImageEffects":true,"showParticleSystems":true,"showVisualEffectGraphs":true,"m_FxEnabled":true},"in2DMode":false,"pivot":{"x":0.5601159930229187,"y":0.5411626100540161,"z":0.5286391377449036},"rotation":{"x":0.0642465129494667,"y":0.9326016902923584,"z":-0.2090640515089035,"w":0.2870331108570099},"size":1.3874436616897584,"orthographic":true}