{"cameraMode":{"drawMode":0,"name":"Shaded","section":"Shading Mode"},"sceneLighting":false,"audioPlay":false,"sceneViewState":{"m_AlwaysRefresh":false,"showFog":true,"showSkybox":true,"showFlares":true,"showImageEffects":true,"showParticleSystems":true,"showVisualEffectGraphs":true,"m_FxEnabled":true},"in2DMode":false,"pivot":{"x":-0.9490540027618408,"y":2.557405948638916,"z":1.3924071788787842},"rotation":{"x":0.16978223621845246,"y":-0.22975066304206849,"z":0.04073844850063324,"w":0.9574651122093201},"size":1.7302896976470948,"orthographic":false}