{"cameraMode":{"drawMode":0,"name":"Shaded","section":"Shading Mode"},"sceneLighting":true,"audioPlay":false,"sceneViewState":{"m_AlwaysRefresh":false,"showFog":true,"showSkybox":true,"showFlares":true,"showImageEffects":true,"showParticleSystems":true,"showVisualEffectGraphs":true,"m_FxEnabled":true},"in2DMode":false,"pivot":{"x":3.730360746383667,"y":1.1033365726470948,"z":3.0062835216522219},"rotation":{"x":0.19824308156967164,"y":-0.3215556740760803,"z":0.06904232501983643,"w":0.9232940673828125},"size":1.7016217708587647,"orthographic":true}