{"cameraMode":{"drawMode":0,"name":"Shaded","section":"Shading Mode"},"sceneLighting":true,"audioPlay":false,"sceneViewState":{"m_AlwaysRefresh":false,"showFog":true,"showSkybox":true,"showFlares":true,"showImageEffects":true,"showParticleSystems":true,"showVisualEffectGraphs":true,"m_FxEnabled":true},"in2DMode":false,"pivot":{"x":-1.244093656539917,"y":1.4715617895126343,"z":2.0126712322235109},"rotation":{"x":-0.03289211541414261,"y":-0.5825940370559692,"z":-0.023610493168234826,"w":0.8117586374282837},"size":0.8627874255180359,"orthographic":false}