{"cameraMode":{"drawMode":0,"name":"Shaded","section":"Shading Mode"},"sceneLighting":true,"audioPlay":false,"sceneViewState":{"m_AlwaysRefresh":false,"showFog":true,"showSkybox":true,"showFlares":true,"showImageEffects":true,"showParticleSystems":true,"showVisualEffectGraphs":true,"m_FxEnabled":true},"in2DMode":false,"pivot":{"x":3.0067238807678224,"y":1.9048956632614136,"z":-2.0838842391967775},"rotation":{"x":0.08033539354801178,"y":0.6250128746032715,"z":-0.0649586021900177,"w":0.7736974358558655},"size":3.402514934539795,"orthographic":true}