{"cameraMode":{"drawMode":0,"name":"Shaded","section":"Shading Mode"},"sceneLighting":true,"audioPlay":false,"sceneViewState":{"m_AlwaysRefresh":false,"showFog":true,"showSkybox":true,"showFlares":true,"showImageEffects":true,"showParticleSystems":true,"showVisualEffectGraphs":true,"m_FxEnabled":true},"in2DMode":false,"pivot":{"x":-0.759552001953125,"y":2.007655620574951,"z":0.4551164209842682},"rotation":{"x":-0.10279516130685806,"y":0.09920442849397659,"z":-0.010291320271790028,"w":-0.9896261692047119},"size":1.6562902927398682,"orthographic":true}