{"cameraMode":{"drawMode":0,"name":"Shaded","section":"Shading Mode"},"sceneLighting":true,"audioPlay":false,"sceneViewState":{"m_AlwaysRefresh":false,"showFog":true,"showSkybox":true,"showFlares":true,"showImageEffects":true,"showParticleSystems":true,"showVisualEffectGraphs":true,"m_FxEnabled":true},"in2DMode":false,"pivot":{"x":0.16109925508499146,"y":1.8953098058700562,"z":1.1479002237319947},"rotation":{"x":0.016848335042595865,"y":0.9828202128410339,"z":-0.139510840177536,"w":0.11912952363491059},"size":16.720458984375,"orthographic":true}