{"cameraMode":{"drawMode":0,"name":"Shaded","section":"Shading Mode"},"sceneLighting":true,"audioPlay":false,"sceneViewState":{"m_AlwaysRefresh":false,"showFog":true,"showSkybox":true,"showFlares":true,"showImageEffects":true,"showParticleSystems":true,"showVisualEffectGraphs":true,"m_FxEnabled":true},"in2DMode":false,"pivot":{"x":-0.6947138905525208,"y":1.1790400743484498,"z":0.8981767296791077},"rotation":{"x":-0.3745281398296356,"y":0.24534109234809876,"z":-0.10317323356866837,"w":-0.8881449699401856},"size":5.711413383483887,"orthographic":true}