{"cameraMode":{"drawMode":0,"name":"Shaded","section":"Shading Mode"},"sceneLighting":true,"audioPlay":false,"sceneViewState":{"m_AlwaysRefresh":false,"showFog":true,"showSkybox":true,"showFlares":true,"showImageEffects":true,"showParticleSystems":true,"showVisualEffectGraphs":true,"m_FxEnabled":true},"in2DMode":false,"pivot":{"x":1.908870816230774,"y":2.2535762786865236,"z":-0.8126955628395081},"rotation":{"x":0.2643568217754364,"y":-0.41885456442832949,"z":0.1288287490606308,"w":0.8590754866600037},"size":11.706253051757813,"orthographic":true}