{"cameraMode":{"drawMode":0,"name":"Shaded","section":"Shading Mode"},"sceneLighting":true,"audioPlay":false,"sceneViewState":{"m_AlwaysRefresh":false,"showFog":true,"showSkybox":true,"showFlares":true,"showImageEffects":true,"showParticleSystems":true,"showVisualEffectGraphs":true,"m_FxEnabled":true},"in2DMode":false,"pivot":{"x":733.1136474609375,"y":15.624974250793457,"z":752.8582763671875},"rotation":{"x":0.24211902916431428,"y":0.5624395608901978,"z":-0.17681241035461427,"w":0.7705270051956177},"size":10.429438591003418,"orthographic":true}