{"cameraMode":{"drawMode":0,"name":"Shaded","section":"Shading Mode"},"sceneLighting":true,"audioPlay":false,"sceneViewState":{"m_AlwaysRefresh":false,"showFog":true,"showSkybox":true,"showFlares":true,"showImageEffects":true,"showParticleSystems":true,"showVisualEffectGraphs":true,"m_FxEnabled":true},"in2DMode":false,"pivot":{"x":-0.10509591549634934,"y":3.186044216156006,"z":1.5234315395355225},"rotation":{"x":-0.10820121318101883,"y":-0.13878555595874787,"z":0.015276934951543808,"w":-0.984209418296814},"size":2.002809762954712,"orthographic":true}