{"cameraMode":{"drawMode":0,"name":"Shaded","section":"Shading Mode"},"sceneLighting":true,"audioPlay":false,"sceneViewState":{"m_AlwaysRefresh":false,"showFog":true,"showSkybox":true,"showFlares":true,"showImageEffects":true,"showParticleSystems":true,"showVisualEffectGraphs":true,"m_FxEnabled":true},"in2DMode":false,"pivot":{"x":0.14641068875789643,"y":1.9703717231750489,"z":0.7531290054321289},"rotation":{"x":-0.023012947291135789,"y":0.7451519966125488,"z":0.02569047547876835,"w":0.6659067273139954},"size":0.4173268973827362,"orthographic":true}