{"cameraMode":{"drawMode":0,"name":"Shaded","section":"Shading Mode"},"sceneLighting":false,"audioPlay":false,"sceneViewState":{"m_AlwaysRefresh":false,"showFog":true,"showSkybox":true,"showFlares":true,"showImageEffects":true,"showParticleSystems":true,"showVisualEffectGraphs":true,"m_FxEnabled":true},"in2DMode":false,"pivot":{"x":-1.2487951517105103,"y":1.4934483766555787,"z":2.1461939811706545},"rotation":{"x":0.13770514726638795,"y":-0.1976725459098816,"z":0.028055021539330484,"w":0.9701488614082336},"size":2.648454189300537,"orthographic":false}