{"cameraMode":{"drawMode":0,"name":"Shaded","section":"Shading Mode"},"sceneLighting":false,"audioPlay":false,"sceneViewState":{"m_AlwaysRefresh":false,"showFog":true,"showSkybox":true,"showFlares":true,"showImageEffects":true,"showParticleSystems":true,"showVisualEffectGraphs":true,"m_FxEnabled":true},"in2DMode":false,"pivot":{"x":0.14499999582767487,"y":2.1489999294281008,"z":0.1510000079870224},"rotation":{"x":0.07734809815883637,"y":-0.6042867302894592,"z":0.05910392478108406,"w":0.7907853126525879},"size":0.5895421504974365,"orthographic":false}