{"cameraMode":{"drawMode":0,"name":"Shaded","section":"Shading Mode"},"sceneLighting":true,"audioPlay":false,"sceneViewState":{"m_AlwaysRefresh":false,"showFog":true,"showSkybox":true,"showFlares":true,"showImageEffects":true,"showParticleSystems":true,"showVisualEffectGraphs":true,"m_FxEnabled":true},"in2DMode":false,"pivot":{"x":484.55511474609377,"y":7.321555137634277,"z":476.5800476074219},"rotation":{"x":-0.2796914875507355,"y":0.46550366282463076,"z":-0.15790139138698579,"w":-0.8246331214904785},"size":124.16031646728516,"orthographic":true}