{"cameraMode":{"drawMode":0,"name":"Shaded","section":"Shading Mode"},"sceneLighting":true,"audioPlay":false,"sceneViewState":{"m_AlwaysRefresh":false,"showFog":true,"showSkybox":true,"showFlares":true,"showImageEffects":true,"showParticleSystems":true,"showVisualEffectGraphs":true,"m_FxEnabled":true},"in2DMode":false,"pivot":{"x":0.16109925508499146,"y":1.8953098058700562,"z":1.1479002237319947},"rotation":{"x":-0.10820121318101883,"y":-0.13878555595874787,"z":0.015276934951543808,"w":-0.984209418296814},"size":1.0114877223968506,"orthographic":true}