{"cameraMode":{"drawMode":0,"name":"Shaded","section":"Shading Mode"},"sceneLighting":true,"audioPlay":false,"sceneViewState":{"m_AlwaysRefresh":false,"showFog":true,"showSkybox":true,"showFlares":true,"showImageEffects":true,"showParticleSystems":true,"showVisualEffectGraphs":true,"m_FxEnabled":true},"in2DMode":false,"pivot":{"x":0.14996539056301118,"y":1.9692054986953736,"z":0.9356153011322022},"rotation":{"x":0.002100188285112381,"y":-0.7246455550193787,"z":-0.002142534125596285,"w":-0.6890236735343933},"size":0.06736346334218979,"orthographic":true}