{"cameraMode":{"drawMode":0,"name":"Shaded","section":"Shading Mode"},"sceneLighting":true,"audioPlay":false,"sceneViewState":{"m_AlwaysRefresh":false,"showFog":true,"showSkybox":true,"showFlares":true,"showImageEffects":true,"showParticleSystems":true,"showVisualEffectGraphs":true,"m_FxEnabled":true},"in2DMode":false,"pivot":{"x":-0.4538455307483673,"y":2.7792162895202638,"z":0.5426985025405884},"rotation":{"x":-0.1000155583024025,"y":0.4006712734699249,"z":-0.04402097314596176,"w":-0.9096146821975708},"size":3.9097936153411867,"orthographic":true}