{"cameraMode":{"drawMode":0,"name":"Shaded","section":"Shading Mode"},"sceneLighting":true,"audioPlay":false,"sceneViewState":{"m_AlwaysRefresh":false,"showFog":true,"showSkybox":true,"showFlares":true,"showImageEffects":true,"showParticleSystems":true,"showVisualEffectGraphs":true,"m_FxEnabled":true},"in2DMode":false,"pivot":{"x":-27.40213394165039,"y":22.716222763061525,"z":23.826780319213868},"rotation":{"x":0.016346493735909463,"y":-0.6469434499740601,"z":0.7621812224388123,"w":0.013640988618135453},"size":147.09146118164063,"orthographic":true}