{"cameraMode":{"drawMode":0,"name":"Shaded","section":"Shading Mode"},"sceneLighting":false,"audioPlay":false,"sceneViewState":{"m_AlwaysRefresh":false,"showFog":true,"showSkybox":true,"showFlares":true,"showImageEffects":true,"showParticleSystems":true,"showVisualEffectGraphs":true,"m_FxEnabled":true},"in2DMode":false,"pivot":{"x":0.14499999582767487,"y":2.0837323665618898,"z":0.8090000152587891},"rotation":{"x":0.015871647745370866,"y":0.7084032893180847,"z":-0.015946589410305024,"w":0.7054334282875061},"size":0.46327415108680727,"orthographic":true}