{"cameraMode":{"drawMode":0,"name":"Shaded","section":"Shading Mode"},"sceneLighting":true,"audioPlay":false,"sceneViewState":{"m_AlwaysRefresh":false,"showFog":true,"showSkybox":true,"showFlares":true,"showImageEffects":true,"showParticleSystems":true,"showVisualEffectGraphs":true,"m_FxEnabled":true},"in2DMode":false,"pivot":{"x":744.7933959960938,"y":-10.871941566467286,"z":739.6679077148438},"rotation":{"x":0.049765411764383319,"y":-0.905730128288269,"z":0.4060893952846527,"w":0.11075466871261597},"size":109.20146179199219,"orthographic":true}