{"cameraMode":{"drawMode":0,"name":"Shaded","section":"Shading Mode"},"sceneLighting":true,"audioPlay":false,"sceneViewState":{"m_AlwaysRefresh":false,"showFog":true,"showSkybox":true,"showFlares":true,"showImageEffects":true,"showParticleSystems":true,"showVisualEffectGraphs":true,"m_FxEnabled":true},"in2DMode":false,"pivot":{"x":3.2223923206329347,"y":1.8877999782562256,"z":2.2611162662506105},"rotation":{"x":-0.006438907235860825,"y":0.9888274669647217,"z":-0.14186450839042664,"w":-0.0442175418138504},"size":4.9511895179748539,"orthographic":true}