{"cameraMode":{"drawMode":0,"name":"Shaded","section":"Shading Mode"},"sceneLighting":true,"audioPlay":false,"sceneViewState":{"m_AlwaysRefresh":false,"showFog":true,"showSkybox":true,"showFlares":true,"showImageEffects":true,"showParticleSystems":true,"showVisualEffectGraphs":true,"m_FxEnabled":true},"in2DMode":false,"pivot":{"x":11.128952980041504,"y":1.435638189315796,"z":-8.870502471923829},"rotation":{"x":0.001382162095978856,"y":0.9447886347770691,"z":0.004286088049411774,"w":-0.32764703035354617},"size":1.5588603019714356,"orthographic":true}