{"cameraMode":{"drawMode":0,"name":"Shaded","section":"Shading Mode"},"sceneLighting":false,"audioPlay":false,"sceneViewState":{"m_AlwaysRefresh":false,"showFog":true,"showSkybox":false,"showFlares":true,"showImageEffects":true,"showParticleSystems":true,"showVisualEffectGraphs":true,"m_FxEnabled":true},"in2DMode":false,"pivot":{"x":-0.35178375244140627,"y":1.458629846572876,"z":0.18270587921142579},"rotation":{"x":-0.04420836269855499,"y":-0.9201701283454895,"z":0.10964037477970123,"w":-0.3731246590614319},"size":9.405744552612305,"orthographic":true}