{"cameraMode":{"drawMode":0,"name":"Shaded","section":"Shading Mode"},"sceneLighting":false,"audioPlay":false,"sceneViewState":{"m_AlwaysRefresh":false,"showFog":true,"showSkybox":false,"showFlares":true,"showImageEffects":true,"showParticleSystems":true,"showVisualEffectGraphs":true,"m_FxEnabled":true},"in2DMode":false,"pivot":{"x":0.15162673592567445,"y":-0.011917293071746827,"z":0.5107001066207886},"rotation":{"x":0.001382162095978856,"y":0.9447886347770691,"z":0.004286088049411774,"w":-0.32764703035354617},"size":0.6423243880271912,"orthographic":true}