{"cameraMode":{"drawMode":0,"name":"Shaded","section":"Shading Mode"},"sceneLighting":false,"audioPlay":false,"sceneViewState":{"m_AlwaysRefresh":false,"showFog":true,"showSkybox":false,"showFlares":true,"showImageEffects":true,"showParticleSystems":true,"showVisualEffectGraphs":true,"m_FxEnabled":true},"in2DMode":false,"pivot":{"x":-0.01565532200038433,"y":0.19748887419700623,"z":0.2167307585477829},"rotation":{"x":-0.02348257414996624,"y":0.7028512358665466,"z":0.02317337691783905,"w":0.7104815244674683},"size":2.2800724506378176,"orthographic":true}