{"cameraMode":{"drawMode":0,"name":"Shaded","section":"Shading Mode"},"sceneLighting":false,"audioPlay":false,"sceneViewState":{"m_AlwaysRefresh":false,"showFog":true,"showSkybox":false,"showFlares":true,"showImageEffects":true,"showParticleSystems":true,"showVisualEffectGraphs":true,"m_FxEnabled":true},"in2DMode":false,"pivot":{"x":-0.00020281605247873813,"y":-0.005387045908719301,"z":0.027511421591043474},"rotation":{"x":-0.02348257414996624,"y":0.7028512358665466,"z":0.02317337691783905,"w":0.7104815244674683},"size":0.18118993937969209,"orthographic":true}