{"cameraMode":{"drawMode":0,"name":"Shaded","section":"Shading Mode"},"sceneLighting":false,"audioPlay":false,"sceneViewState":{"m_AlwaysRefresh":false,"showFog":true,"showSkybox":false,"showFlares":true,"showImageEffects":true,"showParticleSystems":true,"showVisualEffectGraphs":true,"m_FxEnabled":true},"in2DMode":false,"pivot":{"x":1.8764278888702393,"y":2.6279044151306154,"z":0.6926966905593872},"rotation":{"x":0.06747939437627793,"y":0.9252249598503113,"z":-0.19723284244537354,"w":0.3169875144958496},"size":4.5257649421691898,"orthographic":true}